Data_Coleta,Title,Year,Rated,Released,Runtime,Genre,Director,Writer,Actors,Plot,Language,Country,Awards,Poster,Ratings,Metascore,imdbRating,imdbVotes,imdbID,Type,DVD,BoxOffice,Production,Website,Response,totalSeasons,PrimeiroGenero
2024-01-18 14:14:18,PUSS IN BOOTS: THE LAST WISH,2022,PG,21 Dec 2022,102 min,"Animation, Adventure, Comedy","Joel Crawford, Januel Mercado","Paul Fisher, Tommy Swerdlow, Tom Wheeler","Antonio Banderas, Salma Hayek, Harvey Guillén","When Puss in Boots discovers that his passion for adventure has taken its toll and he has burned through eight of his nine lives, he launches an epic journey to restore them by finding the mythical Last Wish.","English, Spanish","United States, Japan",Nominated for 1 Oscar. 7 wins & 55 nominations total,https://m.media-amazon.com/images/M/MV5BNjMyMDBjMGUtNDUzZi00N2MwLTg1MjItZTk2MDE1OTZmNTYxXkEyXkFqcGdeQXVyMTQ5NjA0NDM0._V1_SX300.jpg,"[{'Source': 'Internet Movie Database', 'Value': '7.8/10'}, {'Source': 'Metacritic', 'Value': '73/100'}]",73.0,7.8,"163,130",tt3915174,movie,,"$185,535,345",20th Century Fox,,True,,Animation
2024-01-18 14:14:19,ANT-MAN AND THE WASP: QUANTUMANIA,2023,PG-13,17 Feb 2023,124 min,"Action, Adventure, Comedy",Peyton Reed,"Jeff Loveness, Stan Lee, Larry Lieber","Paul Rudd, Evangeline Lilly, Michael Douglas","Scott Lang and Hope Van Dyne are dragged into the Quantum Realm, along with Hope's parents and Scott's daughter Cassie. Together they must find a way to escape, but what secrets is Hope's mother hiding? And who is the mysterious K...",English,"United States, Australia, Canada",5 nominations,https://m.media-amazon.com/images/M/MV5BODZhNzlmOGItMWUyYS00Y2Q5LWFlNzMtM2I2NDFkM2ZkYmE1XkEyXkFqcGdeQXVyMTU5OTA4NTIz._V1_SX300.jpg,"[{'Source': 'Internet Movie Database', 'Value': '6.1/10'}, {'Source': 'Metacritic', 'Value': '48/100'}]",48.0,6.1,"214,985",tt10954600,movie,,"$214,504,909",,,True,,Action
2024-01-18 14:14:20,THE SUPER MARIO BROS. MOVIE,2023,PG,05 Apr 2023,92 min,"Animation, Adventure, Comedy","Aaron Horvath, Michael Jelenic, Pierre Leduc",Matthew Fogel,"Chris Pratt, Anya Taylor-Joy, Charlie Day","A plumber named Mario travels through an underground labyrinth with his brother Luigi, trying to save a captured princess.",English,"United States, Japan",1 win & 36 nominations,https://m.media-amazon.com/images/M/MV5BOTJhNzlmNzctNTU5Yy00N2YwLThhMjQtZDM0YjEzN2Y0ZjNhXkEyXkFqcGdeQXVyMTEwMTQ4MzU5._V1_SX300.jpg,"[{'Source': 'Internet Movie Database', 'Value': '7.0/10'}, {'Source': 'Rotten Tomatoes', 'Value': '59%'}, {'Source': 'Metacritic', 'Value': '46/100'}]",46.0,7.0,"224,247",tt6718170,movie,16 May 2023,"$574,934,330",,,True,,Animation
2024-01-18 14:14:22,EVIL DEAD RISE,2023,R,21 Apr 2023,96 min,Horror,Lee Cronin,Lee Cronin,"Mirabai Pease, Richard Crouchley, Anna-Maree Thomas","A twisted tale of two estranged sisters whose reunion is cut short by the rise of flesh-possessing demons, thrusting them into a primal battle for survival as they face the most nightmarish version of family imaginable.",English,"Ireland, New Zealand, United States",23 nominations,https://m.media-amazon.com/images/M/MV5BMmZiN2VmMjktZDE5OC00ZWRmLWFlMmEtYWViMTY4NjM3ZmNkXkEyXkFqcGdeQXVyMTI2MTc2ODM3._V1_SX300.jpg,"[{'Source': 'Internet Movie Database', 'Value': '6.5/10'}, {'Source': 'Rotten Tomatoes', 'Value': '84%'}, {'Source': 'Metacritic', 'Value': '69/100'}]",69.0,6.5,"129,628",tt13345606,movie,09 May 2023,"$67,233,054",,,True,,Horror
2024-01-18 14:14:23,KNIGHTS OF THE ZODIAC,2023,PG-13,12 May 2023,112 min,"Action, Adventure, Drama",Tomasz Baginski,"Josh Campbell, Matt Stuecken, Kiel Murray","Mackenyu, Famke Janssen, Madison Iseman","When a goddess of war reincarnates in the body of a young girl, street orphan Seiya discovers that he is destined to protect her and save the world. But only if he can face his own past and become a Knight of the Zodiac.",English,"United States, Japan, Hungary",,https://m.media-amazon.com/images/M/MV5BNjNlYzNhMTgtYTFlYi00ZDg4LWIwMGItZWU2OTY1NTk4MDdlXkEyXkFqcGdeQXVyMTYyMTYyOTcw._V1_SX300.jpg,"[{'Source': 'Internet Movie Database', 'Value': '4.4/10'}, {'Source': 'Metacritic', 'Value': '35/100'}]",35.0,4.4,"11,510",tt6528290,movie,,"$1,090,155",,,True,,Action
2024-01-18 14:14:24,A MAN CALLED OTTO,2022,PG-13,13 Jan 2023,126 min,"Comedy, Drama",Marc Forster,"Fredrik Backman, Hannes Holm, David Magee","Tom Hanks, Mariana Treviño, Rachel Keller","Otto is a grump who's given up on life following the loss of his wife and wants to end it all. When a young family moves in nearby, he meets his match in quick-witted Marisol, leading to a friendship that will turn his world around.","English, Spanish","Sweden, United States",1 win & 8 nominations,https://m.media-amazon.com/images/M/MV5BNzg3OTEzMTgtYWU0OC00YTI0LWIxOTAtNmRkNTc0Nzg2YWU1XkEyXkFqcGdeQXVyNjY1MTg4Mzc@._V1_SX300.jpg,"[{'Source': 'Internet Movie Database', 'Value': '7.5/10'}, {'Source': 'Rotten Tomatoes', 'Value': '70%'}, {'Source': 'Metacritic', 'Value': '51/100'}]",51.0,7.5,"144,619",tt7405458,movie,28 Feb 2023,"$64,267,657",,,True,,Comedy
2024-01-18 14:14:25,LOVE AGAIN,2023,PG-13,05 May 2023,104 min,"Comedy, Drama, Romance",Jim Strouse,"Jim Strouse, Sofie Cramer, Andrea Willson","Priyanka Chopra Jonas, Sam Heughan, Céline Dion","A young woman tries to ease the pain of her fiancé's death by sending romantic texts to his old cell phone number, and forms a connection with the man the number has been reassigned to.",English,United States,,https://m.media-amazon.com/images/M/MV5BNjQwZDIyNjAtZGQxMC00OTUwLWFiOWYtNzg2NDc5Mjc1MDQ5XkEyXkFqcGdeQXVyMTAxNzQ1NzI@._V1_SX300.jpg,"[{'Source': 'Internet Movie Database', 'Value': '5.9/10'}, {'Source': 'Rotten Tomatoes', 'Value': '28%'}, {'Source': 'Metacritic', 'Value': '32/100'}]",32.0,5.9,"11,395",tt10276482,movie,23 May 2023,"$6,230,837",,,True,,Comedy
2024-01-18 14:14:26,CHAMPIONS,2023,PG-13,10 Mar 2023,124 min,"Comedy, Drama, Sport",Bobby Farrelly,"Mark Rizzo, Javier Fesser, David Marqués","Woody Harrelson, Kaitlin Olson, Matt Cook","A former minor-league basketball coach is ordered by the court to manage a team of players with intellectual disabilities. He soon realizes that despite his doubts, together, this team can go further than they ever imagined.",English,United States,1 win & 2 nominations,https://m.media-amazon.com/images/M/MV5BOTYwMWJjZTgtMzJiNS00OGIzLWE1NDYtNjgwMDUwYjZiOTc5XkEyXkFqcGdeQXVyMTA2MDU0NjM5._V1_SX300.jpg,"[{'Source': 'Internet Movie Database', 'Value': '6.8/10'}, {'Source': 'Rotten Tomatoes', 'Value': '59%'}, {'Source': 'Metacritic', 'Value': '50/100'}]",50.0,6.8,"22,746",tt15339570,movie,28 Mar 2023,"$16,397,335",,,True,,Comedy
2024-01-18 14:14:28,TITANIC,1997,PG-13,19 Dec 1997,194 min,"Drama, Romance",James Cameron,James Cameron,"Leonardo DiCaprio, Kate Winslet, Billy Zane","A seventeen-year-old aristocrat falls in love with a kind but poor artist aboard the luxurious, ill-fated R.M.S. Titanic.","English, Swedish, Italian, French","United States, Mexico",Won 11 Oscars. 126 wins & 83 nominations total,https://m.media-amazon.com/images/M/MV5BMDdmZGU3NDQtY2E5My00ZTliLWIzOTUtMTY4ZGI1YjdiNjk3XkEyXkFqcGdeQXVyNTA4NzY1MzY@._V1_SX300.jpg,"[{'Source': 'Internet Movie Database', 'Value': '7.9/10'}, {'Source': 'Rotten Tomatoes', 'Value': '88%'}, {'Source': 'Metacritic', 'Value': '75/100'}]",75.0,7.9,"1,261,488",tt0120338,movie,01 Jun 2014,"$674,292,608",,,True,,Drama
2024-01-18 14:14:29,GUARDIANS OF THE GALAXY VOL. 3,2023,PG-13,05 May 2023,150 min,"Action, Adventure, Comedy",James Gunn,"James Gunn, Jim Starlin, Stan Lee","Chris Pratt, Chukwudi Iwuji, Bradley Cooper","Still reeling from the loss of Gamora, Peter Quill rallies his team to defend the universe and one of their own - a mission that could mean the end of the Guardians if not successful.",English,"United States, New Zealand, France, Canada",1 win & 29 nominations,https://m.media-amazon.com/images/M/MV5BMDgxOTdjMzYtZGQxMS00ZTAzLWI4Y2UtMTQzN2VlYjYyZWRiXkEyXkFqcGdeQXVyMTkxNjUyNQ@@._V1_SX300.jpg,"[{'Source': 'Internet Movie Database', 'Value': '7.9/10'}, {'Source': 'Rotten Tomatoes', 'Value': '82%'}, {'Source': 'Metacritic', 'Value': '64/100'}]",64.0,7.9,"352,918",tt6791350,movie,07 Jul 2023,"$358,995,815",,,True,,Action
2024-01-18 14:14:30,DUNGEONS & DRAGONS: HONOR AMONG THIEVES,2023,PG-13,31 Mar 2023,134 min,"Action, Adventure, Comedy","John Francis Daley, Jonathan Goldstein","Jonathan Goldstein, John Francis Daley, Michael Gilio","Chris Pine, Michelle Rodriguez, Regé-Jean Page","A charming thief and a band of unlikely adventurers embark on an epic quest to retrieve a lost relic, but things go dangerously awry when they run afoul of the wrong people.",English,"United States, Canada, United Kingdom, Iceland, Ireland, Australia",16 nominations,https://m.media-amazon.com/images/M/MV5BZWM5MTQ3NDMtNGFiMS00Y2E5LWE2ZTUtNzM5MTcyZjM3ODRiXkEyXkFqcGdeQXVyMDM2NDM2MQ@@._V1_SX300.jpg,"[{'Source': 'Internet Movie Database', 'Value': '7.3/10'}, {'Source': 'Metacritic', 'Value': '72/100'}]",72.0,7.3,"211,403",tt2906216,movie,,"$93,277,026",Paramount Pictures,,True,,Action
2024-01-18 14:14:31,EVERYTHING EVERYWHERE ALL AT ONCE,2022,R,08 Apr 2022,139 min,"Action, Adventure, Comedy","Daniel Kwan, Daniel Scheinert","Daniel Kwan, Daniel Scheinert","Michelle Yeoh, Stephanie Hsu, Jamie Lee Curtis",A middle-aged Chinese immigrant is swept up into an insane adventure in which she alone can save existence by exploring other universes and connecting with the lives she could have led.,"English, Mandarin, Cantonese",United States,Won 7 Oscars. 397 wins & 361 nominations total,https://m.media-amazon.com/images/M/MV5BYTdiOTIyZTQtNmQ1OS00NjZlLWIyMTgtYzk5Y2M3ZDVmMDk1XkEyXkFqcGdeQXVyMTAzMDg4NzU0._V1_SX300.jpg,"[{'Source': 'Internet Movie Database', 'Value': '7.8/10'}, {'Source': 'Rotten Tomatoes', 'Value': '94%'}, {'Source': 'Metacritic', 'Value': '81/100'}]",81.0,7.8,"496,165",tt6710474,movie,07 Jun 2022,"$77,191,785",,,True,,Action
2024-01-18 14:14:32,THE FLASH,2014–2023,TV-PG,07 Oct 2014,43 min,"Action, Adventure, Drama",,"Greg Berlanti, Geoff Johns, Andrew Kreisberg","Grant Gustin, Candice Patton, Danielle Panabaker","After being struck by lightning, Barry Allen wakes up from his coma to discover he's been given the power of super speed, becoming the Flash, and fighting crime in Central City.",English,United States,Nominated for 1 Primetime Emmy. 29 wins & 97 nominations total,https://m.media-amazon.com/images/M/MV5BYmMxNGQ4NzYtYmQzNC00N2I2LWI5NzUtMTU5MDczZGEzNDBlXkEyXkFqcGdeQXVyMTUzMTg2ODkz._V1_SX300.jpg,"[{'Source': 'Internet Movie Database', 'Value': '7.5/10'}]",,7.5,"365,586",tt3107288,series,,,,,True,9.0,Action
2024-01-18 14:14:33,BABYLON,2022,R,23 Dec 2022,189 min,"Comedy, Drama, History",Damien Chazelle,Damien Chazelle,"Brad Pitt, Margot Robbie, Jean Smart","A tale of outsized ambition and outrageous excess, it traces the rise and fall of multiple characters during an era of unbridled decadence and depravity in early Hollywood.","English, Spanish, Italian, Cantonese, French, Hungarian",United States,Nominated for 3 Oscars. 44 wins & 147 nominations total,https://m.media-amazon.com/images/M/MV5BNjlkYjc4NGMtZjc3MS00NjQ3LTk4MmUtMTkwZGZjODE1ZDVlXkEyXkFqcGdeQXVyODk4OTc3MTY@._V1_SX300.jpg,"[{'Source': 'Internet Movie Database', 'Value': '7.1/10'}, {'Source': 'Rotten Tomatoes', 'Value': '57%'}, {'Source': 'Metacritic', 'Value': '60/100'}]",60.0,7.1,"156,303",tt10640346,movie,31 Jan 2023,"$15,351,455",,,True,,Comedy
2024-01-18 14:14:34,AIR,2023,R,05 Apr 2023,111 min,"Drama, Sport",Ben Affleck,Alex Convery,"Matt Damon, Jason Bateman, Ben Affleck","Follows the history of sports marketing executive Sonny Vaccaro, and how he led Nike in its pursuit of the greatest athlete in the history of basketball, Michael Jordan.",English,United States,5 wins & 36 nominations,https://m.media-amazon.com/images/M/MV5BYmNlOTNlYjUtM2U3Yy00M2ZjLTkxZDQtN2NiNGZiZDI0ZjE3XkEyXkFqcGdeQXVyMTUzMTg2ODkz._V1_SX300.jpg,"[{'Source': 'Internet Movie Database', 'Value': '7.4/10'}, {'Source': 'Metacritic', 'Value': '73/100'}]",73.0,7.4,"156,576",tt16419074,movie,,"$52,460,106",,,True,,Drama
2024-01-18 14:14:37,AVATAR: THE WAY OF WATER,2022,PG-13,16 Dec 2022,192 min,"Action, Adventure, Fantasy",James Cameron,"James Cameron, Rick Jaffa, Amanda Silver","Sam Worthington, Zoe Saldana, Sigourney Weaver","Jake Sully lives with his newfound family formed on the extrasolar moon Pandora. Once a familiar threat returns to finish what was previously started, Jake must work with Neytiri and the army of the Na'vi race to protect their home.",English,United States,Won 1 Oscar. 69 wins & 147 nominations total,https://m.media-amazon.com/images/M/MV5BYjhiNjBlODctY2ZiOC00YjVlLWFlNzAtNTVhNzM1YjI1NzMxXkEyXkFqcGdeQXVyMjQxNTE1MDA@._V1_SX300.jpg,"[{'Source': 'Internet Movie Database', 'Value': '7.6/10'}, {'Source': 'Rotten Tomatoes', 'Value': '76%'}, {'Source': 'Metacritic', 'Value': '67/100'}]",67.0,7.6,"477,467",tt1630029,movie,28 Mar 2023,"$684,075,767",,,True,,Action
2024-01-18 14:14:39,COCAINE BEAR,2023,R,24 Feb 2023,95 min,"Comedy, Thriller",Elizabeth Banks,Jimmy Warden,"Keri Russell, Alden Ehrenreich, O'Shea Jackson Jr.","An oddball group of cops, criminals, tourists and teens converge on a Georgia forest where a huge black bear goes on a murderous rampage after unintentionally ingesting cocaine.",English,"United States, Netherlands, New Zealand, Ireland, United Kingdom",5 nominations,https://m.media-amazon.com/images/M/MV5BODAwZDQ5ZjEtZDI1My00MTFiLTg0ZjUtOGE2YTBkOTdjODFhXkEyXkFqcGdeQXVyODE5NzE3OTE@._V1_SX300.jpg,"[{'Source': 'Internet Movie Database', 'Value': '5.9/10'}, {'Source': 'Rotten Tomatoes', 'Value': '66%'}, {'Source': 'Metacritic', 'Value': '54/100'}]",54.0,5.9,"102,347",tt14209916,movie,21 Mar 2023,"$64,670,240",,,True,,Comedy
2024-01-18 14:14:40,TERRIFIER 2,2022,Not Rated,06 Oct 2022,138 min,Horror,Damien Leone,Damien Leone,"Lauren LaVera, David Howard Thornton, Elliott Fullam","After being resurrected by a sinister entity, Art the Clown returns to the timid town of Miles County where he targets a teenage girl and her younger brother on Halloween night.",English,United States,6 wins & 11 nominations,https://m.media-amazon.com/images/M/MV5BNTc5YWQ2MzAtM2E3Yi00MDUyLWFiYzctMzQ5NWVkMmQ0OTcxXkEyXkFqcGdeQXVyMTU2MDk3MDQz._V1_SX300.jpg,"[{'Source': 'Internet Movie Database', 'Value': '6.1/10'}, {'Source': 'Rotten Tomatoes', 'Value': '86%'}, {'Source': 'Metacritic', 'Value': '59/100'}]",59.0,6.1,"44,120",tt10403420,movie,,"$10,962,499",,,True,,Horror
2024-01-18 14:14:42,THE LITTLE MERMAID,1989,G,17 Nov 1989,83 min,"Animation, Adventure, Family","Ron Clements, John Musker","John Musker, Ron Clements, Hans Christian Andersen","Jodi Benson, Samuel E. Wright, Rene Auberjonois",A mermaid princess makes a Faustian bargain in an attempt to become human and win a prince's love.,"English, French, Russian",United States,Won 2 Oscars. 16 wins & 8 nominations total,https://m.media-amazon.com/images/M/MV5BOWUyNDA0ZmItMzg2My00YjJhLTk1N2QtYTAxYTc0NzMzNDI0XkEyXkFqcGdeQXVyMTI5NzUyMTIz._V1_SX300.jpg,"[{'Source': 'Internet Movie Database', 'Value': '7.6/10'}, {'Source': 'Rotten Tomatoes', 'Value': '91%'}, {'Source': 'Metacritic', 'Value': '88/100'}]",88.0,7.6,"287,093",tt0097757,movie,21 May 2017,"$111,543,479",,,True,,Animation
2024-01-18 14:14:43,TÁR,2022,R,28 Oct 2022,158 min,"Drama, Music",Todd Field,Todd Field,"Cate Blanchett, Noémie Merlant, Nina Hoss","Set in the international world of Western classical music, the film centers on Lydia Tár, widely considered one of the greatest living composer-conductors and the very first female director of a major German orchestra.","English, German, Filipino, French",United States,Nominated for 6 Oscars. 73 wins & 256 nominations total,https://m.media-amazon.com/images/M/MV5BM2I0ZDcyYzItMGEyNi00YWVhLTlmNTQtOWVlYjE1ZGVhNWM0XkEyXkFqcGdeQXVyMTkxNjUyNQ@@._V1_SX300.jpg,"[{'Source': 'Internet Movie Database', 'Value': '7.4/10'}, {'Source': 'Metacritic', 'Value': '92/100'}]",92.0,7.4,"88,985",tt14444726,movie,,"$6,773,650",,,True,,Drama
2024-01-18 14:14:44,ELEMENTAL,2023,PG,16 Jun 2023,101 min,"Animation, Adventure, Comedy",Peter Sohn,"John Hoberg, Kat Likkel, Brenda Hsueh","Leah Lewis, Mamoudou Athie, Ronnie Del Carmen","Follows Ember and Wade, in a city where fire-, water-, earth- and air-residents live together.",English,United States,19 nominations,https://m.media-amazon.com/images/M/MV5BZjYxYWVjMDMtZGRjZS00ZDE4LTk0OWUtMjUyOTI4MmYxNjgwXkEyXkFqcGdeQXVyMTUzMTg2ODkz._V1_SX300.jpg,"[{'Source': 'Internet Movie Database', 'Value': '7.0/10'}, {'Source': 'Rotten Tomatoes', 'Value': '73%'}, {'Source': 'Metacritic', 'Value': '58/100'}]",58.0,7.0,"104,436",tt15789038,movie,15 Aug 2023,"$154,426,697",,,True,,Animation
2024-01-18 14:14:45,MISSING,2023,PG-13,20 Jan 2023,111 min,"Drama, Mystery, Thriller","Nicholas D. Johnson, Will Merrick","Will Merrick, Nicholas D. Johnson, Sev Ohanian","Tim Griffin, Ava Zaria Lee, Nia Long","After her mother goes missing, a young woman tries to find her from home, using tools available to her online.","English, Spanish",United States,1 nomination,https://m.media-amazon.com/images/M/MV5BMjAzYjUwNWUtYTYxOS00MTkzLWJkOTUtOTE4MTE4ODRmNGNhXkEyXkFqcGdeQXVyMTA3MDk2NDg2._V1_SX300.jpg,"[{'Source': 'Internet Movie Database', 'Value': '7.1/10'}, {'Source': 'Metacritic', 'Value': '66/100'}]",66.0,7.1,"55,134",tt10855768,movie,,"$32,502,025",,,True,,Drama
2024-01-18 14:14:47,SCREAM VI,2023,R,10 Mar 2023,122 min,"Horror, Mystery, Thriller","Matt Bettinelli-Olpin, Tyler Gillett","James Vanderbilt, Guy Busick, Kevin Williamson","Courteney Cox, Melissa Barrera, Jenna Ortega","In the next installment, the survivors of the Ghostface killings leave Woodsboro behind and start a fresh chapter in New York City.",English,"United States, Canada",2 wins & 19 nominations,https://m.media-amazon.com/images/M/MV5BODBjM2M4YTQtNmJlMS00MGU2LWI4ZGYtZTA1MzdmZDAyMjFkXkEyXkFqcGdeQXVyODE5NzE3OTE@._V1_SX300.jpg,"[{'Source': 'Internet Movie Database', 'Value': '6.5/10'}, {'Source': 'Rotten Tomatoes', 'Value': '76%'}, {'Source': 'Metacritic', 'Value': '61/100'}]",61.0,6.5,"114,070",tt17663992,movie,25 Apr 2023,"$108,161,389",,,True,,Horror
2024-01-18 14:14:49,SUZUME,2022,PG,14 Apr 2023,122 min,"Animation, Action, Adventure",Makoto Shinkai,Makoto Shinkai,"Nanoka Hara, Hokuto Matsumura, Eri Fukatsu",A modern action adventure road story where a 17-year-old girl named Suzume helps a mysterious young man close doors from the other side that are releasing disasters all over in Japan.,"Hindi, Japanese, English",Japan,2 wins & 11 nominations,https://m.media-amazon.com/images/M/MV5BNGVkNDc3NjUtNTY5ZS00ZmE0LWE3YzctMDk2OTRlNTdiZWQwXkEyXkFqcGdeQXVyMTU3NDg0OTgx._V1_SX300.jpg,"[{'Source': 'Internet Movie Database', 'Value': '7.7/10'}, {'Source': 'Metacritic', 'Value': '77/100'}]",77.0,7.7,"30,949",tt16428256,movie,,"$10,932,037",,,True,,Animation
2024-01-18 14:15:13,A PORTA AO LADO,2023,,09 Feb 2023,,Drama,Julia Rezende,"L.G. Bayão, Patricia Corso","Letícia Colin, Dan Ferreira, Bárbara Paz","Everything seems to be going well in the stable relationship between Mari and Rafa, until Isis and Fred move into the apartment next door. The new neighbors make no secret of the fact that they are in an open relationship.",Portuguese,Brazil,,https://m.media-amazon.com/images/M/MV5BZTUzMmQyM2UtNWU5OC00ZWY2LWFkNDctZDk2NjFiNTNlYWVmXkEyXkFqcGdeQXVyMTMxNjE3MzUy._V1_SX300.jpg,"[{'Source': 'Internet Movie Database', 'Value': '6.0/10'}]",,6.0,43,tt21186266,movie,,,,,True,,Drama
2024-01-18 14:15:38,FERVO,2023,,19 Jan 2023,,Comedy,Felipe Joffily,Thiago Gadelha,"Felipe Abib, Marcelo Adnet, Dudu Azevedo",Three ghosts are trapped in a house and haunt each new resident in order to finish their mission on Earth so they can move on to the next life. That is until a couple of architects (Felipe Abib and Georgianna Goes) move to the pla...,Portuguese,Brazil,,https://m.media-amazon.com/images/M/MV5BM2U5YTc2MTMtZTMwMC00MzJlLTgyZWEtMjRhZjFjZjFlZjA4XkEyXkFqcGdeQXVyMjc2MzM5ODc@._V1_SX300.jpg,[],,,23,tt22812908,movie,,,,,True,,Comedy
2024-01-18 14:15:39,RUBY GILLMAN: TEENAGE KRAKEN,2023,PG,30 Jun 2023,91 min,"Animation, Action, Adventure","Kirk DeMicco, Faryn Pearl","Pam Brady, Brian C. Brown, Elliott DiGuiseppi","Jane Fonda, Lana Condor, Toni Collette","A shy adolescent learns that she comes from a fabled royal family of legendary sea krakens and that her destiny lies in the depths of the waters, which is bigger than she could have ever imagined.","Hebrew, Persian, Karen, English","United States, Japan, North Korea, Russia, Israel",2 nominations,https://m.media-amazon.com/images/M/MV5BNGM5NzBmNTItMTk5Ni00NmQzLTg1NmUtMDkyY2E2MDE1ZGZiXkEyXkFqcGdeQXVyMTA3MDk2NDg2._V1_SX300.jpg,"[{'Source': 'Internet Movie Database', 'Value': '5.7/10'}, {'Source': 'Metacritic', 'Value': '50/100'}]",50.0,5.7,"8,701",tt27155038,movie,,"$15,753,600",,,True,,Animation
2024-01-18 14:15:40,KNOCK AT THE CABIN,2023,R,03 Feb 2023,100 min,"Horror, Mystery, Thriller",M. Night Shyamalan,"Paul Tremblay, M. Night Shyamalan, Steve Desmond","Dave Bautista, Jonathan Groff, Ben Aldridge","While vacationing, a girl and her parents are taken hostage by armed strangers who demand that the family make a choice to avert the apocalypse.",English,"United States, Japan, China",6 nominations,https://m.media-amazon.com/images/M/MV5BZDA0MzcxZTgtMTAzZC00MGJkLTg3YzItZjMzNjkwOTVlODNlXkEyXkFqcGdeQXVyMTA3MDk2NDg2._V1_SX300.jpg,"[{'Source': 'Internet Movie Database', 'Value': '6.1/10'}, {'Source': 'Rotten Tomatoes', 'Value': '67%'}, {'Source': 'Metacritic', 'Value': '63/100'}]",63.0,6.1,"109,676",tt15679400,movie,21 Feb 2023,"$35,397,980",,,True,,Horror
2024-01-18 14:15:41,SADAKO DX,2022,TV-14,28 Oct 2022,100 min,"Comedy, Horror, Mystery",Hisashi Kimura,"Kôji Suzuki, Yuya Takahashi","Fuka Koshiba, Kazuma Kawamura, Mario Kuroba",People who watch a cursed video suddenly die. These deaths take place all over Japan. Ayaka Ichijo is an extremely smart graduate student with an IQ of 200. Her younger sister happens to watch the cursed video for fun.,Japanese,Japan,,https://m.media-amazon.com/images/M/MV5BZTcxMzJmMWUtMDNhZC00NDc3LTk5OTEtOThhOWIxYzQxOWU2XkEyXkFqcGdeQXVyODY5NzkyMjA@._V1_SX300.jpg,"[{'Source': 'Internet Movie Database', 'Value': '3.7/10'}]",,3.7,489,tt19815280,movie,,,,,True,,Comedy
2024-01-18 14:15:42,THE FABELMANS,2022,PG-13,23 Nov 2022,151 min,Drama,Steven Spielberg,"Steven Spielberg, Tony Kushner","Michelle Williams, Gabriel LaBelle, Paul Dano","Growing up in post-World War II era Arizona, young Sammy Fabelman aspires to become a filmmaker as he reaches adolescence, but soon discovers a shattering family secret and explores how the power of films can help him see the truth.",English,"United States, India",Nominated for 7 Oscars. 29 wins & 278 nominations total,https://m.media-amazon.com/images/M/MV5BZGM1MzczNmQtMjBmYS00NTRhLWI0MzctNTFkZDc4OGUyODdjXkEyXkFqcGdeQXVyMjMxOTE0ODA@._V1_SX300.jpg,"[{'Source': 'Internet Movie Database', 'Value': '7.5/10'}, {'Source': 'Rotten Tomatoes', 'Value': '92%'}, {'Source': 'Metacritic', 'Value': '84/100'}]",84.0,7.5,"109,209",tt14208870,movie,13 Dec 2022,"$17,348,945",,,True,,Drama
2024-01-18 14:15:43,ABOUT MY FATHER,2023,PG-13,26 May 2023,90 min,Comedy,Laura Terruso,"Austen Earl, Sebastian Maniscalco","Robert De Niro, Sebastian Maniscalco, Leslie Bibb","When Sebastian tells his old-school Italian immigrant father Salvo that he is going to propose to his all-American girlfriend, Salvo insists on crashing a weekend with her tony parents.","English, Italian",United States,,https://m.media-amazon.com/images/M/MV5BZTUwYmYwMzUtYmIyZS00OWM3LWE3MWEtM2NjYTk0NzhiM2NmXkEyXkFqcGdeQXVyNDAyNjg5MzY@._V1_SX300.jpg,"[{'Source': 'Internet Movie Database', 'Value': '5.7/10'}, {'Source': 'Rotten Tomatoes', 'Value': '36%'}, {'Source': 'Metacritic', 'Value': '39/100'}]",39.0,5.7,"11,388",tt8373206,movie,16 Jun 2023,"$12,089,391",,,True,,Comedy
2024-01-18 14:15:45,ROCK DOG 3: BATTLE THE BEAT,2022,TV-Y,24 Jan 2023,90 min,"Animation, Adventure, Comedy",Anthony Bell,Rob Muir,"Graham Hamilton, Ashleigh Ball, Andrew Francis","When the young performers on a music contest show admit they have never heard of Angus Scattergood, Bodi is compelled to join the show to restore the Rock Legend's good name.",English,"United States, China",,https://m.media-amazon.com/images/M/MV5BNTAzODc1ZTgtZjRlZC00N2E4LWExNmQtODFkZGU1NTc2ZTBhXkEyXkFqcGdeQXVyMTU3NzMyMTY2._V1_SX300.jpg,"[{'Source': 'Internet Movie Database', 'Value': '4.9/10'}]",,4.9,240,tt11207270,movie,,,,,True,,Animation
2024-01-18 14:15:49,NINGUÉM É DE NINGUÉM,2023,,20 Apr 2023,,Drama,Wagner de Assis,Wagner de Assis,"Renata Castro Barbosa, Paloma Bernardi, Carol Castro",,Portuguese,Brazil,,https://m.media-amazon.com/images/M/MV5BMGViMzRhMGYtNTFhNi00MGU1LWIxNzQtYjkxNThkMTk1OWM0XkEyXkFqcGdeQXVyMjMwNTI0MTU@._V1_SX300.jpg,[],,,33,tt27166356,movie,,,,,True,,Drama
2024-01-18 14:15:50,65,2023,PG-13,10 Mar 2023,93 min,"Action, Adventure, Drama","Scott Beck, Bryan Woods","Scott Beck, Bryan Woods","Adam Driver, Ariana Greenblatt, Chloe Coleman",An astronaut crash lands on a mysterious planet only to discover he's not alone.,English,"United States, Canada",,https://m.media-amazon.com/images/M/MV5BNDgwNzc4MGYtOWMwMi00YjExLWIzMGEtMGQxMzA2NmExNzAxXkEyXkFqcGdeQXVyMTA3MDk2NDg2._V1_SX300.jpg,"[{'Source': 'Internet Movie Database', 'Value': '5.4/10'}, {'Source': 'Rotten Tomatoes', 'Value': '35%'}, {'Source': 'Metacritic', 'Value': '40/100'}]",40.0,5.4,"82,287",tt12261776,movie,07 Apr 2023,"$32,062,904",,,True,,Action
2024-01-18 14:15:55,O RIO DO DESEJO,2022,,23 Mar 2023,107 min,Drama,Sergio Machado,"Maria Camargo, Milton Hatoum, Sergio Machado","Coco Chiarella, Jorge Paz, Rômulo Braga",It follows three brothers as they end up living under the same roof with the middle brother's beautiful new wife.,Portuguese,Brazil,1 win,https://m.media-amazon.com/images/M/MV5BOWE4M2IzZjgtNGJhNy00ZGQyLTk2NzctNzZhZTQ4ZGVhY2NhXkEyXkFqcGdeQXVyMTUwNjg3NTUw._V1_SX300.jpg,[],,,114,tt19855324,movie,,,,,True,,Drama
2024-01-18 14:15:56,WOMEN TALKING,2022,PG-13,20 Jan 2023,104 min,Drama,Sarah Polley,"Sarah Polley, Miriam Toews","Rooney Mara, Claire Foy, Jessie Buckley","Do nothing, stay and fight, or leave. In 2010, the women of an isolated religious community grapple with reconciling a brutal reality with their faith.",English,United States,Won 1 Oscar. 65 wins & 161 nominations total,https://m.media-amazon.com/images/M/MV5BYTZmMmQ4OWYtM2JmNC00NzY0LWJhODUtOTRmMWMyOTU4OWQ4XkEyXkFqcGdeQXVyMjkwOTAyMDU@._V1_SX300.jpg,"[{'Source': 'Internet Movie Database', 'Value': '6.9/10'}, {'Source': 'Rotten Tomatoes', 'Value': '90%'}, {'Source': 'Metacritic', 'Value': '79/100'}]",79.0,6.9,"38,918",tt13669038,movie,,"$5,456,531",,,True,,Drama
2024-01-18 14:15:57,PROJECT 'GEMINI',2022,Unrated,06 Jan 2022,98 min,"Adventure, Sci-Fi, Thriller",Serik Beyseu,"Natalya Lebedeva, Dmitriy Zhigalov","Egor Koreshkov, Alyona Konstantinova, Samoukov Kostya","A sci-fi thriller about a space mission sent to terraform a distant planet. However, the mission encounters something unknown that has its own plan for the planet.",Russian,Russia,,https://m.media-amazon.com/images/M/MV5BZWFlMTMyZjctNTcyYi00ODM2LWE1NDYtZWMyODI0MTNkMDc0XkEyXkFqcGdeQXVyNjMzNjY2NjQ@._V1_SX300.jpg,"[{'Source': 'Internet Movie Database', 'Value': '3.5/10'}]",,3.5,"3,705",tt5656994,movie,,,,,True,,Adventure
2024-01-18 14:16:02,EL EMPATE,2003,,,11 min,Short,Marcos Ignacio Kramer,"Marcos Ignacio Kramer, Ignacio Ortiz","Jorge Samonta, Rodrigo Spina",,Spanish,Argentina,,,[],,,,tt0434917,movie,,,,,True,,Short
2024-01-18 14:16:05,NAS ONDAS DA FÉ,2023,,12 Jan 2023,110 min,Comedy,Felipe Joffily,"Marcelo Adnet, Lusa Silvestre","Marcelo Adnet, Rodrigo de Arruda, Gregório Duvivier","Hickson is a handyman full of faith and full of bills to pay, going through life doing many odd-jobs. The turn of events in his life comes when he lands a job working for an evangelical radio where he develops plenty of talents an...",Portuguese,Brazil,,https://m.media-amazon.com/images/M/MV5BMjk3ODkyYzQtODExYy00MTcwLTk4YjMtOGFkN2U3OGE4NWU1XkEyXkFqcGdeQXVyMTE1NDc3Mzkw._V1_SX300.jpg,[],,,77,tt21994054,movie,,,,,True,,Comedy
2024-01-18 14:16:06,AFTERSUN,2022,R,18 Nov 2022,102 min,Drama,Charlotte Wells,Charlotte Wells,"Paul Mescal, Frankie Corio, Celia Rowlson-Hall",Sophie reflects on the shared joy and private melancholy of a holiday she took with her father twenty years earlier. Memories real and imagined fill the gaps between as she tries to reconcile the father she knew with the man she d...,"English, Turkish, Spanish","United Kingdom, United States",Nominated for 1 Oscar. 86 wins & 168 nominations total,https://m.media-amazon.com/images/M/MV5BMTM3OTU0ZGUtNzYwYy00ODU3LWI3YjgtOWZlODliMmRiMWEzXkEyXkFqcGdeQXVyMTAyMjQ3NzQ1._V1_SX300.jpg,"[{'Source': 'Internet Movie Database', 'Value': '7.6/10'}, {'Source': 'Rotten Tomatoes', 'Value': '96%'}, {'Source': 'Metacritic', 'Value': '95/100'}]",95.0,7.6,"82,610",tt19770238,movie,20 Dec 2022,"$1,658,790",,,True,,Drama
2024-01-18 14:16:10,LA BRIGADE,1975,,07 May 1975,108 min,"Drama, War",René Gilson,René Gilson,"Brigitte Fossey, Edward Wojtaszek, Jean Bouise","During WWII, in a North of France town occupied by German forces, a group of volunteer resistance fighters, snipers and partisans from Poland fight with efficiency. A dangerous mission is given away to Marie and Aldo: they have to...",French,France,,https://m.media-amazon.com/images/M/MV5BNWMyM2RjN2YtOGI0NS00ZTMwLWIzZDYtODU1YTcyNmVhYWI3XkEyXkFqcGdeQXVyNjM3MDIwNjc@._V1_SX300.jpg,"[{'Source': 'Internet Movie Database', 'Value': '4.6/10'}]",,4.6,15,tt0207356,movie,,,,,True,,Drama
2024-01-18 14:16:13,EMILY,2022,R,14 Oct 2022,130 min,"Biography, Drama, History",Frances O'Connor,Frances O'Connor,"Emma Mackey, Oliver Jackson-Cohen, Fionn Whitehead","""Emily"" imagines the transformative, exhilarating, and uplifting journey to womanhood of a rebel and a misfit, one of the world's most famous, enigmatic, and provocative writers, who died, too soon, at age 30.","English, French","United Kingdom, United States",5 wins & 10 nominations,https://m.media-amazon.com/images/M/MV5BMWViZTkzY2YtZDE5OC00M2NkLWJiY2QtMTdhNmJlYTE4OTVlXkEyXkFqcGdeQXVyMTUzMTg2ODkz._V1_SX300.jpg,"[{'Source': 'Internet Movie Database', 'Value': '6.8/10'}, {'Source': 'Metacritic', 'Value': '75/100'}]",75.0,6.8,"7,511",tt12374656,movie,,"$1,097,067",,,True,,Biography
2024-01-18 14:16:14,BED REST,2022,R,07 Dec 2022,90 min,"Drama, Horror, Mystery",Lori Evans Taylor,Lori Evans Taylor,"Melissa Barrera, Guy Burnet, Edie Inksetter",A pregnant woman on bed rest begins to wonder if her house is haunted or it's all in her head.,English,"United States, Canada",2 nominations,https://m.media-amazon.com/images/M/MV5BNTgyNmVjMjAtZTg4MC00NmE1LWIzNDgtNjM5Y2Y4ZTFkNDk3XkEyXkFqcGdeQXVyNDM1ODc2NzE@._V1_SX300.jpg,"[{'Source': 'Internet Movie Database', 'Value': '5.1/10'}]",,5.1,"3,306",tt4896168,movie,,,,,True,,Drama
2024-01-18 14:16:15,PEARL,2022,R,16 Sep 2022,103 min,"Drama, Horror, Thriller",Ti West,"Ti West, Mia Goth","Mia Goth, David Corenswet, Tandi Wright","In 1918, a young woman on the brink of madness pursues stardom in a desperate attempt to escape the drudgery, isolation, and lovelessness of life on her parents' farm.","English, German","United States, Canada, New Zealand",17 wins & 61 nominations,https://m.media-amazon.com/images/M/MV5BZTFkNmE5MjUtZDE1Yi00ZmQyLTk2YWUtN2EwODA1ZmNlOTA5XkEyXkFqcGdeQXVyMTM1MTE1NDMx._V1_SX300.jpg,"[{'Source': 'Internet Movie Database', 'Value': '7.0/10'}, {'Source': 'Rotten Tomatoes', 'Value': '93%'}, {'Source': 'Metacritic', 'Value': '76/100'}]",76.0,7.0,"83,867",tt18925334,movie,25 Oct 2022,"$9,423,445",,,True,,Drama
2024-01-18 14:16:16,JAIR RODRIGUES - DEIXA QUE DIGAM,2020,,01 Oct 2020,98 min,Documentary,Rubens Rewald,,,"Jair Rodrigues, the portrait of an artist from a Brazil so close and yet so distant.",Portuguese,Brazil,,https://m.media-amazon.com/images/M/MV5BNzkzZDg0YTYtY2YyYy00NThmLWFkZjItYTFhYjNhMDQwYjYwXkEyXkFqcGdeQXVyMTc1ODQ4ODI@._V1_SX300.jpg,[],,,16,tt13935904,movie,,,,,True,,Documentary
2024-01-18 14:16:17,THE AMAZING MAURICE,2022,PG,16 Dec 2022,93 min,"Animation, Adventure, Comedy","Toby Genkel, Florian Westermann","Terry Rossio, Terry Pratchett, Robert Chandler","Hugh Laurie, Emilia Clarke, David Thewlis",A streetwise cat and his gang of rats come up with the perfect money making scheme.,English,"United Kingdom, Germany",1 nomination,https://m.media-amazon.com/images/M/MV5BYWQ4NjQ1NjAtNTc3Yy00ZDVlLThlNmUtMzZjY2E3N2Y4Y2JmXkEyXkFqcGdeQXVyMjMwODE4ODI@._V1_SX300.jpg,"[{'Source': 'Internet Movie Database', 'Value': '6.2/10'}, {'Source': 'Rotten Tomatoes', 'Value': '73%'}, {'Source': 'Metacritic', 'Value': '53/100'}]",53.0,6.2,"5,127",tt10473036,movie,04 Apr 2023,"$4,303,645",,,True,,Animation
2024-01-18 14:16:19,THE BOOGEYMAN,2023,PG-13,02 Jun 2023,98 min,"Horror, Mystery, Thriller",Rob Savage,"Scott Beck, Bryan Woods, Mark Heyman","Sophie Thatcher, Chris Messina, Vivien Lyra Blair","Still reeling from the tragic death of their mother, a teenage girl and her younger sister find themselves plagued by a sadistic presence in their house and struggle to get their grieving father to pay attention before it's too late.",English,"United States, Canada",3 nominations,https://m.media-amazon.com/images/M/MV5BNzNkYmE1NDYtMmI4Mi00YjU2LTkxZDEtMWI0ZDE4MTczZDRjXkEyXkFqcGdeQXVyMDM2NDM2MQ@@._V1_SX300.jpg,"[{'Source': 'Internet Movie Database', 'Value': '5.9/10'}, {'Source': 'Metacritic', 'Value': '55/100'}]",55.0,5.9,"40,908",tt3427252,movie,,"$43,244,282",,,True,,Horror
2024-01-18 14:16:20,TCHAIKOVSKY'S WIFE,2022,,15 Feb 2023,143 min,"Biography, Drama",Kirill Serebrennikov,Kirill Serebrennikov,"Alyona Mikhailova, Odin Lund Biron, Filipp Avdeev","Tumultuous relationship between Pyotr Tchaikovsky, the most famous Russian composer of all time, and his wife Antonina Miliukova.","Russian, French, Italian","Russia, France, Switzerland",1 win & 7 nominations,https://m.media-amazon.com/images/M/MV5BNGY3YjQzNDYtYzU4My00Njc1LTk0OTctZmMwZGJiZTc3ZmY2XkEyXkFqcGdeQXVyNTcwNjUwNzk@._V1_SX300.jpg,"[{'Source': 'Internet Movie Database', 'Value': '6.5/10'}, {'Source': 'Rotten Tomatoes', 'Value': '84%'}, {'Source': 'Metacritic', 'Value': '49/100'}]",49.0,6.5,"1,445",tt17538510,movie,,,,,True,,Biography
2024-01-18 14:16:21,LEFT BEHIND: RISE OF THE ANTICHRIST,2023,Not Rated,27 Apr 2023,115 min,"Action, Drama, Mystery",Kevin Sorbo,"Paul Lalonde, Jessica Parker, John Patus","Mary Armstrong, Mark Bellamy, Stuart Bentley","After the world falls into chaos, the only light is a charming new leader who rises to the head of the UN, but does he bring hope for a better future? Or is it the end of the world?",English,Canada,,https://m.media-amazon.com/images/M/MV5BNzQzNDUxZjgtYjZkZS00MWI1LTkyN2UtYmFlM2UyYjNhYjhlXkEyXkFqcGdeQXVyMTkwMjkyMDQ@._V1_SX300.jpg,"[{'Source': 'Internet Movie Database', 'Value': '4.2/10'}]",,4.2,"1,822",tt16174868,movie,,"$3,649,422",,,True,,Action
2024-01-18 14:16:46,ANDANÇA - OS ENCONTROS E AS MEMÓRIAS DE BETH CARVALHO,2022,,11 Oct 2022,115 min,"Documentary, Biography, Music",Pedro Bronz,"Pedro Bronz, Leonardo Bruno",,,Portuguese,Brazil,,https://m.media-amazon.com/images/M/MV5BNDVlNDUxZTAtODkwMi00YjNiLTg5MzQtZWRmNzllZjJhNGQyXkEyXkFqcGdeQXVyMTEyMjQwNDU2._V1_SX300.jpg,[],,,42,tt24083008,movie,,,,,True,,Documentary
2024-01-18 14:16:49,DERRAPADA,2022,,22 Apr 2023,103 min,Drama,Pedro Amorim,"Pedro Amorim, Izabella Faya, Ana Pacheco","Matheus Costa, Nanda Costa, Augusto Madeira",,Portuguese,Brazil,,https://m.media-amazon.com/images/M/MV5BYjJiZDZiMTgtMGM0YS00ZmMzLWFkN2EtZDRkNGJiNmI0YmU0XkEyXkFqcGdeQXVyNTI3NDEzMzI@._V1_SX300.jpg,[],,,24,tt14022920,movie,,,,,True,,Drama
2024-01-18 14:16:50,"LYLE, LYLE, CROCODILE",2022,PG,07 Oct 2022,106 min,"Adventure, Comedy, Family","Josh Gordon, Will Speck","Bernard Waber, William Davies","Javier Bardem, Winslow Fegley, Shawn Mendes",Feature film based on the children's book about a crocodile that lives in New York City.,English,"United States, United Kingdom",1 win & 2 nominations,https://m.media-amazon.com/images/M/MV5BYjNhZjA3MTctOTFjNi00Mjg5LTk3ODctOGZkNDMyMjY3YWNhXkEyXkFqcGdeQXVyMTI2ODM1ODUw._V1_SX300.jpg,"[{'Source': 'Internet Movie Database', 'Value': '6.1/10'}, {'Source': 'Rotten Tomatoes', 'Value': '72%'}, {'Source': 'Metacritic', 'Value': '51/100'}]",51.0,6.1,"14,372",tt14668630,movie,,"$46,888,441",,,True,,Adventure
2024-01-18 14:16:51,ELVIS,2022,PG-13,24 Jun 2022,159 min,"Biography, Drama, Music",Baz Luhrmann,"Baz Luhrmann, Sam Bromell, Craig Pearce","Tom Hanks, Austin Butler, Olivia DeJonge","The life of American music icon Elvis Presley, from his childhood to becoming a rock and movie star in the 1950s while maintaining a complex relationship with his manager, Colonel Tom Parker.",English,"United States, Australia",Nominated for 8 Oscars. 87 wins & 227 nominations total,https://m.media-amazon.com/images/M/MV5BYzMzNTJjYmMtZTkxNS00MjI4LWI3YmQtOTQ4MDZjZDJlZjQyXkEyXkFqcGdeQXVyNjc0NzQzNTM@._V1_SX300.jpg,"[{'Source': 'Internet Movie Database', 'Value': '7.3/10'}, {'Source': 'Rotten Tomatoes', 'Value': '77%'}, {'Source': 'Metacritic', 'Value': '64/100'}]",64.0,7.3,"221,810",tt3704428,movie,09 Aug 2022,"$151,040,048",,,True,,Biography
2024-01-18 14:16:55,TINNITUS,2022,TV-14,05 Jul 2023,105 min,"Drama, Horror, Sport",Gregorio Graziosi,"Marco Dutra, Gregorio Graziosi, Andres Vera","Joana de Verona, Sabrina Greve, André Guerreiro","Marina is an ex-diver who is suffering from a terrible buzzing in her ears. After an accident suffered in the last Olympics, she decides to go back to competing in hopes of winning an Olympic medal, by putting her life to risk.","Portuguese, Japanese",Brazil,2 nominations,https://m.media-amazon.com/images/M/MV5BZDk2NWM4OTMtNmNmYS00NWYxLTg2NWEtNDFlMmIyNTcyNGIyXkEyXkFqcGdeQXVyNTYxMzU4MzI@._V1_SX300.jpg,"[{'Source': 'Internet Movie Database', 'Value': '5.4/10'}]",,5.4,222,tt12530402,movie,,,,,True,,Drama
2024-01-18 14:16:57,TWO WITCHES,2021,Not Rated,,98 min,Horror,Pierre Tsigaridis,"Kristina Klebe, Maxime Rancon, Pierre Tsigaridis","Rebekah Kennedy, Kristina Klebe, Tim Fox","An aging, malevolent witch intercedes in the lives of two young women.",English,United States,3 wins & 3 nominations,https://m.media-amazon.com/images/M/MV5BMjliMmFjZjAtZjMyNy00Y2JmLTlhZTYtNjczMjQ3MDEwNTY3XkEyXkFqcGdeQXVyNTYyNzQzOTE@._V1_SX300.jpg,"[{'Source': 'Internet Movie Database', 'Value': '5.2/10'}, {'Source': 'Rotten Tomatoes', 'Value': '91%'}]",,5.2,"3,443",tt10963926,movie,01 Oct 2022,,,,True,,Horror
2024-01-18 14:16:58,MARLOWE,2022,R,15 Feb 2023,109 min,"Crime, Mystery, Thriller",Neil Jordan,"William Monahan, Neil Jordan, John Banville","Liam Neeson, Diane Kruger, Jessica Lange","In late 1930s Bay City, a brooding, down on his luck detective is hired to find the ex-lover of a glamorous heiress.",English,"Ireland, Spain, France, United States",2 nominations,https://m.media-amazon.com/images/M/MV5BM2EzNWEwNmYtMGE2NC00Y2NiLTk5NGEtZmRlZDE0Y2M0Yzg5XkEyXkFqcGdeQXVyNTE1NjY5Mg@@._V1_SX300.jpg,"[{'Source': 'Internet Movie Database', 'Value': '5.3/10'}, {'Source': 'Rotten Tomatoes', 'Value': '27%'}, {'Source': 'Metacritic', 'Value': '41/100'}]",41.0,5.3,"9,564",tt6722802,movie,04 Apr 2023,"$4,350,243",,,True,,Crime
2024-01-18 14:17:02,A ÚLTIMA FESTA,2023,,26 Jan 2023,,Comedy,Matheus Souza,Matheus Souza,"Richard Abelha, Leo Cidade, Giulia Gayoso","This class's graduation party is full of events: dating that ends, dating that begins, new passion discovered, secret revealed. The Last Party doesn't feel like the end of a cycle, but the first night of the beginning of their lives.",Portuguese,Brazil,,https://m.media-amazon.com/images/M/MV5BZmIxODU0YzUtYzJjNi00YTkxLTg3NTctMTEwZTRmYjU0ZjIxXkEyXkFqcGdeQXVyMzUyNDI2OTU@._V1_SX300.jpg,[],,,23,tt22012140,movie,,,,,True,,Comedy
2024-01-18 14:17:05,O PASTOR E O GUERRILHEIRO,2023,,13 Apr 2023,115 min,"Drama, History",José Eduardo Belmonte,"José Eduardo Belmonte, Nilson Rodrigues, Josefina Trotta","Johnny Massaro, César Mello, Julia Dalavia",The Pastor and the Revolutionary.,Portuguese,Brazil,3 nominations,https://m.media-amazon.com/images/M/MV5BZTA3MzEyZTMtMmExMC00M2RmLTk0MzktZWQ0Yzk2N2M2YTY1XkEyXkFqcGdeQXVyNjU1NDkxNTg@._V1_SX300.jpg,"[{'Source': 'Internet Movie Database', 'Value': '6.8/10'}]",,6.8,133,tt14589900,movie,,,,,True,,Drama
2024-01-18 14:17:06,HUNT,2022,Not Rated,02 Dec 2022,131 min,"Action, Drama, Mystery",Lee Jung-jae,Jo Seung-Hee,"Lee Jung-jae, Jung Woo-sung, Go Yoon-Jung",The International Unit and The Domestic Unit of the Korean Spy Agency are tasked with the mission of uncovering a North Korean Spy known as Donglim who is deeply embedded within their agency.,"Korean, English",South Korea,9 wins & 25 nominations,https://m.media-amazon.com/images/M/MV5BYWYxYjY2OTMtZmM0Zi00OGI3LWI0YWItMDJiMDg1MzliNWNiXkEyXkFqcGdeQXVyODA0MjgyNzM@._V1_SX300.jpg,"[{'Source': 'Internet Movie Database', 'Value': '6.7/10'}, {'Source': 'Rotten Tomatoes', 'Value': '68%'}, {'Source': 'Metacritic', 'Value': '55/100'}]",55.0,6.7,"4,967",tt6931658,movie,02 Dec 2022,"$25,994",,,True,,Action
2024-01-18 14:17:07,URUBUS,2020,,06 May 2020,10 min,"Short, Comedy","Santiago Dellape, Sergio Sartorio",Tui Segall Caron,"Ricardo Pipo, Paulo Ribeiro, Rosanna Viegas",,Portuguese,Brazil,,,[],,,,tt28437418,movie,,,,,True,,Short
2024-01-18 14:17:12,OPERATION FORTUNE: RUSE DE GUERRE,2023,R,03 Mar 2023,114 min,"Action, Comedy, Thriller",Guy Ritchie,"Guy Ritchie, Ivan Atkinson, Marn Davies","Jason Statham, Aubrey Plaza, Cary Elwes",Special agent Orson Fortune and his team of operatives recruit one of Hollywood's biggest movie stars to help them on an undercover mission when the sale of a deadly new weapons technology threatens to disrupt the world order.,"English, Turkish, Russian, Spanish, Japanese","United Kingdom, United States, China, Indonesia, Turkey",,https://m.media-amazon.com/images/M/MV5BNjcxOTJhZTEtMWFiYi00NTkwLTlkMzktZDQwMGQ0ZjM3YWU2XkEyXkFqcGdeQXVyMTAxNzQ1NzI@._V1_SX300.jpg,"[{'Source': 'Internet Movie Database', 'Value': '6.3/10'}, {'Source': 'Rotten Tomatoes', 'Value': '51%'}, {'Source': 'Metacritic', 'Value': '51/100'}]",51.0,6.3,"77,791",tt7985704,movie,21 Mar 2023,"$6,496,125",,,True,,Action
2024-01-18 14:17:13,BLACK PANTHER: WAKANDA FOREVER,2022,PG-13,11 Nov 2022,161 min,"Action, Adventure, Drama",Ryan Coogler,"Ryan Coogler, Joe Robert Cole, Stan Lee","Letitia Wright, Lupita Nyong'o, Danai Gurira",The people of Wakanda fight to protect their home from intervening world powers as they mourn the death of King T'Challa.,"English, Xhosa, Maya, Spanish, Haitian, French",United States,Won 1 Oscar. 47 wins & 165 nominations total,https://m.media-amazon.com/images/M/MV5BNTM4NjIxNmEtYWE5NS00NDczLTkyNWQtYThhNmQyZGQzMjM0XkEyXkFqcGdeQXVyODk4OTc3MTY@._V1_SX300.jpg,"[{'Source': 'Internet Movie Database', 'Value': '6.7/10'}, {'Source': 'Rotten Tomatoes', 'Value': '83%'}, {'Source': 'Metacritic', 'Value': '67/100'}]",67.0,6.7,"295,624",tt9114286,movie,01 Feb 2023,"$453,829,060",,,True,,Action
2024-01-18 14:17:14,TOP GUN: MAVERICK,2022,PG-13,27 May 2022,130 min,"Action, Drama",Joseph Kosinski,"Jim Cash, Jack Epps Jr., Peter Craig","Tom Cruise, Jennifer Connelly, Miles Teller","After thirty years, Maverick is still pushing the envelope as a top naval aviator, but must confront ghosts of his past when he leads TOP GUN's elite graduates on a mission that demands the ultimate sacrifice from those chosen to ...",English,United States,Won 1 Oscar. 98 wins & 222 nominations total,https://m.media-amazon.com/images/M/MV5BZWYzOGEwNTgtNWU3NS00ZTQ0LWJkODUtMmVhMjIwMjA1ZmQwXkEyXkFqcGdeQXVyMjkwOTAyMDU@._V1_SX300.jpg,"[{'Source': 'Internet Movie Database', 'Value': '8.3/10'}, {'Source': 'Rotten Tomatoes', 'Value': '96%'}, {'Source': 'Metacritic', 'Value': '78/100'}]",78.0,8.3,"659,139",tt1745960,movie,22 Aug 2022,"$718,732,821",,,True,,Action
2024-01-18 14:17:18,MATAR A PINOCHET,2020,,20 Nov 2020,81 min,Drama,Juan Ignacio Sabatini,"Pablo Paredes, Juan Ignacio Sabatini, Enrique Videla","Rodrigo Aceituno, Héctor Aguilar, Vicente Almuna","Fifteen years into Pinochet's dictatorship in Chile, a group of men and women led by Ramiro and Tamara set out to kill the tyrant.",Spanish,Chile,2 nominations,https://m.media-amazon.com/images/M/MV5BNzRhMGUxZWUtMmNjNi00NjdkLWI5YTMtNDQxM2FiMTgwMjYxXkEyXkFqcGdeQXVyODc0OTEyNDU@._V1_SX300.jpg,"[{'Source': 'Internet Movie Database', 'Value': '5.5/10'}]",,5.5,122,tt13393776,movie,,,,,True,,Drama
2024-01-18 14:17:19,THE TIGER'S NEST,2022,,13 Oct 2022,94 min,"Adventure, Drama",Brando Quilici,"Brando Quilici, Hugh Hudson, Rupert Thomson","Claudia Gerini, Sunny Pawar, Amandeep Singh",A live-action fantasy adventure film set in the tropical forests of Himalayas.,English,Italy,1 nomination,https://m.media-amazon.com/images/M/MV5BZWE1OWI1ZGUtZGU0Mi00MDU5LTg3MzgtYTYzZGQwMjI1YzVlXkEyXkFqcGdeQXVyODI5OTc0NA@@._V1_SX300.jpg,"[{'Source': 'Internet Movie Database', 'Value': '5.7/10'}]",,5.7,374,tt7527028,movie,,,,,True,,Adventure
2024-01-18 14:17:21,THE BLACK DEMON,2023,R,28 Apr 2023,100 min,"Drama, Horror, Sci-Fi",Adrian Grunberg,"Carlos Cisco, Boise Esquerra","Omar Chaparro, Bolivar Sanchez, Carlos Solórzano","Stranded on a crumbling rig in Baja, a family faces off against a vengeful megalodon shark.","English, Spanish","United States, Dominican Republic, Mexico, Slovenia",,https://m.media-amazon.com/images/M/MV5BODBhZTFiOGItNjk4ZS00Y2VkLWJkNGQtNTk5NzZlNThlM2I4XkEyXkFqcGdeQXVyMzQwMTY2Nzk@._V1_SX300.jpg,"[{'Source': 'Internet Movie Database', 'Value': '3.7/10'}]",,3.7,"7,986",tt10279472,movie,,,,,True,,Drama
2024-01-18 14:17:25,LES PROMESSES,1995,,,1 min,Short,Christian Philibert,Christian Philibert,"Pascal Forner, Jean-Marc Ravera",A brief coffee counter of Espignoule. A movie who hold his promises because he don't promise anything.,French,France,,,[],,,,tt0313500,movie,,,,,True,,Short
2024-01-18 14:17:49,SWORD ART ONLINE THE MOVIE: PROGRESSIVE - SCHERZO OF DEEP NIGHT,2022,,03 Feb 2023,101 min,"Animation, Action, Adventure",Ayako Kouno,Reki Kawahara,"Haruka Tomatsu, Yoshitsugu Matsuoka, Shiori Izawa","Two months have passed since the deadly game began, and Kirito and Asuna continue to make progress. They stop for treasure, but then they must face Asuna's least favorite monster.",Japanese,Japan,,https://m.media-amazon.com/images/M/MV5BNzExZjlkODEtNTNiNC00OGE4LWI0YTEtNzVjODU5NzFjN2FjXkEyXkFqcGdeQXVyMTEwMjgyMzIz._V1_SX300.jpg,"[{'Source': 'Internet Movie Database', 'Value': '6.7/10'}]",,6.7,787,tt15830702,movie,,,,,True,,Animation
2024-01-18 14:17:50,THE STORY OF MY WIFE,2021,,23 Sep 2021,169 min,"Drama, Romance",Ildikó Enyedi,"Ildikó Enyedi, Milán Füst","Léa Seydoux, Gijs Naber, Louis Garrel","Jacob Störr, a sea captain, makes a bet in a café with a friend, to marry the first woman who enters the place. And in walks Lizzy.","English, French, Dutch, German, Italian","Hungary, Germany, France, Italy",2 wins & 3 nominations,https://m.media-amazon.com/images/M/MV5BNzlhNDJkODQtNTRmMC00ZTkwLWJkOTgtOGQ3NWIyNWIzNzQ1XkEyXkFqcGdeQXVyMzEyMTQyNA@@._V1_SX300.jpg,"[{'Source': 'Internet Movie Database', 'Value': '6.2/10'}, {'Source': 'Rotten Tomatoes', 'Value': '21%'}, {'Source': 'Metacritic', 'Value': '40/100'}]",40.0,6.2,"2,589",tt8205028,movie,,,,,True,,Drama
2024-01-18 14:17:54,A TERRA NEGRA DOS KAWA,2018,,01 Nov 2018,99 min,,Sergio Andrade,Sergio Andrade,"Kay Sara, Anderson Kary Báya, Severiano Kedassere",,Portuguese,Brazil,,https://m.media-amazon.com/images/M/MV5BMmY2MDg5N2QtZjlmYi00YTE1LTliZTktYjEyMTJhNjRkMWI1XkEyXkFqcGdeQXVyODQ4ODM0MDI@._V1_SX300.jpg,[],,,5,tt11183738,movie,,,,,True,,
2024-01-18 14:17:57,THE TWILIGHT SAGA: BREAKING DAWN - PART 2,2012,PG-13,16 Nov 2012,115 min,"Adventure, Drama, Fantasy",Bill Condon,"Stephenie Meyer, Melissa Rosenberg","Kristen Stewart, Robert Pattinson, Taylor Lautner","After the birth of Renesmee/Nessie, the Cullens gather other vampire clans in order to protect the child from a false allegation that puts the family in front of the Volturi.",English,United States,Nominated for 1 BAFTA Award21 wins & 17 nominations total,https://m.media-amazon.com/images/M/MV5BMTcyMzUyMzY1OF5BMl5BanBnXkFtZTcwNDQ4ODk1OA@@._V1_SX300.jpg,"[{'Source': 'Internet Movie Database', 'Value': '5.5/10'}, {'Source': 'Rotten Tomatoes', 'Value': '49%'}, {'Source': 'Metacritic', 'Value': '52/100'}]",52.0,5.5,"260,224",tt1673434,movie,03 Mar 2015,"$292,324,737",,,True,,Adventure
2024-01-18 14:17:58,TRIANGLE OF SADNESS,2022,R,18 Sep 2022,147 min,"Comedy, Drama",Ruben Östlund,Ruben Östlund,"Thobias Thorwid, Harris Dickinson, Charlbi Dean",A fashion model celebrity couple join an eventful cruise for the super-rich.,"English, Swedish, German, French, Greek, Tagalog, Akan","United States, Sweden, United Kingdom, Germany, France, Turkey, Denmark, Greece, Switzerland, Mexico",Nominated for 3 Oscars. 24 wins & 73 nominations total,https://m.media-amazon.com/images/M/MV5BNDRiZjc0ZDMtMjhlYi00ZjAzLTg0MDQtZDI2NGEyYTBlN2M2XkEyXkFqcGdeQXVyMTA2MDU0NjM5._V1_SX300.jpg,"[{'Source': 'Internet Movie Database', 'Value': '7.3/10'}, {'Source': 'Rotten Tomatoes', 'Value': '72%'}, {'Source': 'Metacritic', 'Value': '63/100'}]",63.0,7.3,"163,783",tt7322224,movie,22 Nov 2022,"$4,608,096",,,True,,Comedy
2024-01-18 14:17:59,BIOCÊNTRICOS,2022,,,,,"Ataliba Benaim, Fernanda Heinz Figueiredo",,,,,,,https://m.media-amazon.com/images/M/MV5BM2Y2ZmEzMDYtMTZiMC00YTJhLThhZmItOWE1YzQ5NzQ4OWRlXkEyXkFqcGdeQXVyMTA5NTk5NjA0._V1_SX300.jpg,[],,,,tt28536342,movie,,,,,True,,
2024-01-18 14:18:03,PARA'I,2018,,01 Nov 2018,82 min,Drama,Vinicius Toro,Vinicius Toro,"Lucas Augusto Martim, Samara Cristina Pará Mirim O. Martim, Monique Ramos Ara Poty Mattos","Para'í tells the story of a Guarani girl who, by chance, finds a traditional cob of Guarani corn, which she had never seen before. She is fascinated by the beauty of multicolored seeds. During his quest to plant corn seeds, Para'i...",Portuguese,Brazil,,https://m.media-amazon.com/images/M/MV5BNjM4YTQwZWMtMDdlNi00ZTA3LWI4NWMtNzI3ODJmMmJmNjgxXkEyXkFqcGdeQXVyMTI0Nzk5NTQ2._V1_SX300.jpg,[],,,10,tt9643338,movie,,,,,True,,Drama
2024-01-18 14:18:04,THE LAST BUS,2021,,27 Aug 2021,86 min,Drama,Gillies MacKinnon,Joe Ainsworth,"Timothy Spall, Phyllis Logan, Natalie Mitson","After the death of his wife, an aging man travels across the UK by bus to fulfill his pledge to spread her ashes near their first home.",English,"United Kingdom, United Arab Emirates",1 win,https://m.media-amazon.com/images/M/MV5BOGJkMjRjZDMtNDM3MC00YjdiLTlkNzMtNDgzZjI3NTg4YTRhXkEyXkFqcGdeQXVyMjE4NzUxNDA@._V1_SX300.jpg,"[{'Source': 'Internet Movie Database', 'Value': '6.6/10'}, {'Source': 'Rotten Tomatoes', 'Value': '50%'}, {'Source': 'Metacritic', 'Value': '37/100'}]",37.0,6.6,"3,523",tt9410034,movie,,,,,True,,Drama
2024-01-18 14:18:05,CLOSE,2022,PG-13,01 Nov 2022,104 min,Drama,Lukas Dhont,"Lukas Dhont, Angelo Tijssens","Eden Dambrine, Gustav De Waele, Émilie Dequenne","The intense friendship between two thirteen-year old boys Leo and Remi suddenly gets disrupted. Struggling to understand what has happened, Léo approaches Sophie, Rémi's mother. ""Close"" is a film about friendship and responsibility.","French, Flemish, Dutch, English","Belgium, Netherlands, France",Nominated for 1 Oscar. 52 wins & 68 nominations total,https://m.media-amazon.com/images/M/MV5BODJjYmE1ZTEtNzU0Yi00NjI3LWFjMmQtZWZkNjk2NTQxOGMwXkEyXkFqcGdeQXVyODE5NzE3OTE@._V1_SX300.jpg,"[{'Source': 'Internet Movie Database', 'Value': '7.8/10'}, {'Source': 'Rotten Tomatoes', 'Value': '91%'}, {'Source': 'Metacritic', 'Value': '81/100'}]",81.0,7.8,"31,673",tt9660502,movie,,"$1,100,113",,,True,,Drama
2024-01-18 14:18:07,THE TEXAS CHAIN SAW MASSACRE,1974,R,11 Oct 1974,83 min,Horror,Tobe Hooper,"Kim Henkel, Tobe Hooper","Marilyn Burns, Edwin Neal, Allen Danziger","Five friends head out to rural Texas to visit the grave of a grandfather. On the way they stumble across what appears to be a deserted house, only to discover something sinister within. Something armed with a chainsaw.",English,United States,3 wins & 2 nominations,https://m.media-amazon.com/images/M/MV5BZDI3OWE0ZWMtNGJjOS00N2E4LWFiOTAtZjQ4OTNiNzIwN2NkXkEyXkFqcGdeQXVyMTQxNzMzNDI@._V1_SX300.jpg,"[{'Source': 'Internet Movie Database', 'Value': '7.4/10'}, {'Source': 'Rotten Tomatoes', 'Value': '89%'}, {'Source': 'Metacritic', 'Value': '87/100'}]",87.0,7.4,"180,460",tt0072271,movie,30 Dec 2014,"$30,859,000",,,True,,Horror
2024-01-18 14:18:07,BROKER,2022,R,08 Jun 2022,129 min,"Comedy, Crime, Drama",Kore-eda Hirokazu,Kore-eda Hirokazu,"Song Kang-ho, Gang Dong-won, Bae Doona","When a young mother reconsiders abandoning her baby, she discovers a scheme selling foundlings for adoption.",Korean,South Korea,11 wins & 29 nominations,https://m.media-amazon.com/images/M/MV5BY2UxOTEwOGUtYmFmOS00NTc4LWI0MWMtNGJkZGViY2EwZTgyXkEyXkFqcGdeQXVyNDY5NTQyMDU@._V1_SX300.jpg,"[{'Source': 'Internet Movie Database', 'Value': '7.1/10'}, {'Source': 'Rotten Tomatoes', 'Value': '94%'}, {'Source': 'Metacritic', 'Value': '77/100'}]",77.0,7.1,"15,469",tt13056052,movie,,"$1,046,899",,,True,,Comedy
2024-01-18 14:18:09,SHORTBUS,2006,Not Rated,20 Oct 2006,101 min,"Comedy, Drama, Romance",John Cameron Mitchell,John Cameron Mitchell,"Sook-Yin Lee, Peter Stickles, PJ DeBoy","A group of New Yorkers caught up in their romantic-sexual milieu converge at an underground salon infamous for its blend of art, music, politics, and carnality.",English,United States,7 wins & 9 nominations,https://m.media-amazon.com/images/M/MV5BZjkwMTk1OWMtZjg4ZC00YWVlLTkyZGItZTU4ZjQ5NDM0M2NkXkEyXkFqcGdeQXVyMTQxNzMzNDI@._V1_SX300.jpg,"[{'Source': 'Internet Movie Database', 'Value': '6.4/10'}, {'Source': 'Rotten Tomatoes', 'Value': '69%'}, {'Source': 'Metacritic', 'Value': '64/100'}]",64.0,6.4,"35,108",tt0367027,movie,,"$2,016,181",,,True,,Comedy
2024-01-18 14:18:12,BARRACO DE FAMÍLIA,2023,,11 May 2023,85 min,Comedy,Mauricio Eça,"Emílio Boechat, Marcos Ferraz, Lena Roque","Cacau Protásio, Lellê, Jeniffer Nascimento",,Portuguese,Brazil,,https://m.media-amazon.com/images/M/MV5BYWExNDNiYTgtMWMxYi00Zjk4LWJkM2UtYjZmYmFmMzM1MGEzXkEyXkFqcGdeQXVyNjcxNTA2Mw@@._V1_SX300.jpg,[],,,25,tt19408362,movie,,,,,True,,Comedy
2024-01-18 14:18:17,A MÃE,2022,,10 Nov 2022,80 min,Drama,Cristiano Burlan,"Cristiano Burlan, Ana Carolina Marinho","Marcelia Cartaxo, Hélio Cícero, Debora Maria da Silva","A single mother lives with her only son. She can't find him when she returns from work. After a relentless search, she finds out that he was killed by the police and his body is missing. She begins a journey for the right to bury ...",Portuguese,Brazil,4 wins & 1 nomination,https://m.media-amazon.com/images/M/MV5BNDc3MDEzNzgtMmVlNy00ZWU1LTk0ZDctNTYwNjVhMGVlMjFlXkEyXkFqcGdeQXVyMTM1MzAzOQ@@._V1_SX300.jpg,[],,,35,tt17058302,movie,,,,,True,,Drama
2024-01-18 14:18:18,ONE TRUE LOVES,2023,PG-13,14 Apr 2023,100 min,"Comedy, Drama, Romance",Andy Fickman,"Taylor Jenkins Reid, Alex Jenkins Reid","Phillipa Soo, Simu Liu, Luke Bracey",A woman is unexpectedly forced to choose between the husband she has long thought dead and the fiance who has finally brought her back to life.,"English, American Sign ",United States,,https://m.media-amazon.com/images/M/MV5BZjcxNTI5ZTQtZmU3Mi00ODNlLTk2ZWQtZTU5NzQ3MTMyZmI0XkEyXkFqcGdeQXVyMzQwMTY2Nzk@._V1_SX300.jpg,"[{'Source': 'Internet Movie Database', 'Value': '5.4/10'}, {'Source': 'Metacritic', 'Value': '35/100'}]",35.0,5.4,"1,865",tt14770620,movie,,,,,True,,Comedy
2024-01-18 14:18:20,HOLY SPIDER,2022,,13 Jan 2023,118 min,"Crime, Drama, Thriller",Ali Abbasi,"Ali Abbasi, Afshin Kamran Bahrami, Jonas Wagner","Alice Rahimi, Diana Al Hussen, Soraya Helli","A journalist descends into the dark underbelly of the Iranian holy city of Mashhad as she investigates the serial killings of sex workers by the so called ""Spider Killer"", who believes he is cleansing the streets of sinners.",Persian,"Denmark, Germany, France, Sweden, Jordan, Italy",23 wins & 35 nominations,https://m.media-amazon.com/images/M/MV5BZWFkMjBmZmYtMzk2MS00NzRlLWI5MzgtNjkwZmQyMGMwOWQxXkEyXkFqcGdeQXVyODA0MjgyNzM@._V1_SX300.jpg,"[{'Source': 'Internet Movie Database', 'Value': '7.3/10'}, {'Source': 'Rotten Tomatoes', 'Value': '83%'}, {'Source': 'Metacritic', 'Value': '66/100'}]",66.0,7.3,"23,017",tt18550140,movie,21 Feb 2023,"$307,188",,,True,,Crime
2024-01-18 14:18:24,EN ROUE LIBRE,2019,,,,Short,Adèle Bouvier,,"Isabelle Anciaux, Pierre Le Baleur",,,,,https://m.media-amazon.com/images/M/MV5BZjY1ZDc2NmEtZWRjYS00ZGZlLTljZTEtNzliMTc2ZmFiYmFmXkEyXkFqcGdeQXVyNzkwNTE1OTM@._V1_SX300.jpg,[],,,,tt10241776,movie,,,,,True,,Short
2024-01-18 14:18:27,MEU ÁLBUM DE AMORES,2021,,18 Aug 2022,101 min,"Comedy, Musical, Romance",Rafael Gomes,"Vinicius Calderoni, Rafael Gomes, Luna Grimberg","Gabriel Leone, Felipe Frazão, Carla Salle",,Portuguese,Brazil,,https://m.media-amazon.com/images/M/MV5BMGIyMjJlNDEtZjVmNC00NGFkLWEzNTctYjM0ZTBlODcxYzk4XkEyXkFqcGdeQXVyMjA0NzcwNTI@._V1_SX300.jpg,[],,,34,tt9265520,movie,,,,,True,,Comedy
2024-01-18 14:18:29,"RAQUEL 1,1",2022,,12 Mar 2022,90 min,Thriller,Mariana Bastos,Mariana Bastos,"Valentina Herszage, Emílio de Mello, Priscila Bittencourt","Raquel is a teenager who moves with her father to a small town, in search of a new life. During her first days there she believes she is given an important and controversial mission related to the Bible.",Portuguese,Brazil,1 nomination,https://m.media-amazon.com/images/M/MV5BYmRlYmQxODAtOTk4NS00ZmNlLTk2NzUtYWY0MDc4ZmZlYjE4XkEyXkFqcGdeQXVyNTIyNTI3ODI@._V1_SX300.jpg,"[{'Source': 'Internet Movie Database', 'Value': '6.2/10'}, {'Source': 'Rotten Tomatoes', 'Value': '82%'}]",,6.2,146,tt7466970,movie,,,,,True,,Thriller
2024-01-18 14:18:32,ME CHAMA QUE EU VOU,2020,,23 Sep 2020,71 min,Documentary,Joana Mariani,"Eduardo Gripa, Joana Mariani","Sidney Magal, Magali West, Rodrigo West","The most significant moments in the life of the singer, dancer, actor and voice actor Sidney Magal who has become an icon of Brazilian popular music. The man behind the idol, from the point of view of the participants in the story.",Portuguese,Brazil,1 win,https://m.media-amazon.com/images/M/MV5BMmY0YmExMjctYWI0OC00NTczLWEyZTctZDk4Mzg1Y2JkYjdhXkEyXkFqcGdeQXVyMTkzODUwNzk@._V1_SX300.jpg,"[{'Source': 'Internet Movie Database', 'Value': '6.9/10'}]",,6.9,33,tt13147622,movie,,,,,True,,Documentary
2024-01-18 14:18:38,PALOMA,2022,,05 May 2022,104 min,Drama,Marcelo Gomes,"Gustavo Campos, Marcelo Gomes, Armando Praça","Kika Sena, Patricia Dawson, Samya De Lavor","Paloma, a farm worker, wants a traditional wedding in a church with her boyfriend Zé. The local priest refuses her request. But Paloma, a transgender woman, will fight back for her dream.",Portuguese,"Brazil, Portugal",8 wins & 13 nominations,https://m.media-amazon.com/images/M/MV5BMmJjOTM3MmMtMjA4NS00MTMyLTk1NmEtMTVkMTZkZGM1OTcxXkEyXkFqcGdeQXVyMTMwNjQxNDU1._V1_SX300.jpg,"[{'Source': 'Internet Movie Database', 'Value': '6.9/10'}]",,6.9,244,tt12144262,movie,,,,,True,,Drama
2024-01-18 14:18:41,ALÉM DE NÓS,2023,,23 Mar 2023,,Drama,Rogério Rodrigues,"Romir de Oliveira Rodrigues, Rogério Rodrigues, Ulisses Da Motta","Miguel Coelho, Thiago Lacerda, Clemente Viscaíno",,Portuguese,Brazil,,https://m.media-amazon.com/images/M/MV5BZGY1N2Q1NWQtOTYwYS00ZjQ0LWI5NjgtZmE0NDI0OTViNmVkXkEyXkFqcGdeQXVyMTMxNjE3MzUy._V1_SX300.jpg,[],,,96,tt10951512,movie,,,,,True,,Drama
2024-01-18 14:18:43,LA SYNDICALISTE,2022,,01 Mar 2023,121 min,"Drama, Thriller",Jean-Paul Salomé,"Fadette Drouard, Caroline Michel-Aguirre, Jean-Paul Salomé","Isabelle Huppert, Grégory Gadebois, François-Xavier Demaison",A thriller investigation set in the world of nuclear power and politics.,"French, English, Hungarian","France, Germany",1 nomination,https://m.media-amazon.com/images/M/MV5BYjU0YjU5M2MtYjk0Yi00NGE3LTgzMGEtMTA3Mjc1ODlmMTQ4XkEyXkFqcGdeQXVyMTUyNTEwNDMy._V1_SX300.jpg,"[{'Source': 'Internet Movie Database', 'Value': '6.6/10'}, {'Source': 'Metacritic', 'Value': '47/100'}]",47.0,6.6,"1,163",tt16987062,movie,,"$26,666",,,True,,Drama
2024-01-18 14:19:27,MY NEIGHBOR ADOLF,2022,,12 Jan 2023,96 min,"Comedy, Drama",Leon Prudovsky,"Dmitry Malinsky, Leon Prudovsky","David Hayman, Udo Kier, Olivia Silhavy","South America, 1960. A lonely and grumpy Holocaust survivor convinces himself that his new neighbor is none other than Adolf Hitler. Not being taken seriously, he starts an independent investigation to prove his claim, but when th...","English, German, Yiddish, Spanish","Israel, Poland, Colombia",1 win & 3 nominations,https://m.media-amazon.com/images/M/MV5BOWMyYTc3NDYtYWM3Ny00NmRmLWI3MTAtZDYxMTY1NDFkYjNjXkEyXkFqcGdeQXVyMjAyNzcwMDM@._V1_SX300.jpg,"[{'Source': 'Internet Movie Database', 'Value': '6.5/10'}, {'Source': 'Rotten Tomatoes', 'Value': '58%'}]",,6.5,"1,159",tt7175968,movie,,,,,True,,Comedy
2024-01-18 14:19:28,WHEEL OF FORTUNE AND FANTASY,2021,,17 Dec 2021,121 min,"Drama, Romance",Ryûsuke Hamaguchi,Ryûsuke Hamaguchi,"Kotone Furukawa, Ayumu Nakajima, Hyunri","An unexpected love triangle, a failed seduction trap and an encounter that results from a misunderstanding, told in three movements to depict three female characters and trace the trajectories between their choices and regrets.",Japanese,Japan,10 wins & 22 nominations,https://m.media-amazon.com/images/M/MV5BZGYwMmJkYjUtMDFiOC00ZGRmLWJkY2YtMjM4MWIyMmRlYmQ3XkEyXkFqcGdeQXVyMTY1NzY2NA@@._V1_SX300.jpg,"[{'Source': 'Internet Movie Database', 'Value': '7.5/10'}, {'Source': 'Rotten Tomatoes', 'Value': '99%'}, {'Source': 'Metacritic', 'Value': '86/100'}]",86.0,7.5,"9,214",tt14034966,movie,,,,,True,,Drama
2024-01-18 14:19:32,SEGUNDO TEMPO,2019,,,90 min,Documentary,"Rogério Zagallo, Marcos Katudjian, Luiz Adelmo Manzano",,,"The film documents the transformation of the old Palestra Itália stadium into Allianz Parque, including the construction and testimonials from 2010 to 2015.",Portuguese,Brazil,,https://m.media-amazon.com/images/M/MV5BZmQ1MWQ0MzMtNTE1ZS00MmQyLTkzMjItYzhlMGI2MWNmZjZiXkEyXkFqcGdeQXVyMTk2NDE3Mzc@._V1_SX300.jpg,"[{'Source': 'Internet Movie Database', 'Value': '8.5/10'}]",,8.5,8,tt12116556,movie,,,,,True,,Documentary
2024-01-18 14:19:56,OLHA PRA ELAS,2023,,08 May 2023,,Documentary,"Tatiana Sager, Renato Dornelles","Luca Alverdi, Renato Dornelles, Tatiana Sager",,,"Portuguese, English, Spanish",Brazil,,https://m.media-amazon.com/images/M/MV5BNmNiMzBkYzMtNzcxMy00OGNhLThiZmYtZjEwMzhjZGE0ZmZjXkEyXkFqcGdeQXVyMTU3MDA2NjYx._V1_SX300.jpg,[],,,,tt28076802,movie,,,,,True,,Documentary
2024-01-18 14:19:57,JOHN WICK,2014,R,24 Oct 2014,101 min,"Action, Crime, Thriller","Chad Stahelski, David Leitch",Derek Kolstad,"Keanu Reeves, Michael Nyqvist, Alfie Allen",An ex-hitman comes out of retirement to track down the gangsters who killed his dog and stole his car.,"English, Russian, Hungarian","United States, United Kingdom, China",5 wins & 10 nominations,https://m.media-amazon.com/images/M/MV5BMTU2NjA1ODgzMF5BMl5BanBnXkFtZTgwMTM2MTI4MjE@._V1_SX300.jpg,"[{'Source': 'Internet Movie Database', 'Value': '7.4/10'}, {'Source': 'Rotten Tomatoes', 'Value': '86%'}, {'Source': 'Metacritic', 'Value': '68/100'}]",68.0,7.4,"726,104",tt2911666,movie,07 Jun 2016,"$43,037,835",,,True,,Action
2024-01-18 14:19:58,PINOCCHIO,1940,G,23 Feb 1940,88 min,"Animation, Adventure, Comedy","Norman Ferguson, T. Hee, Wilfred Jackson","Carlo Collodi, Ted Sears, Otto Englander","Dickie Jones, Christian Rub, Mel Blanc","A living puppet, with the help of a cricket as his conscience, must prove himself worthy to become a real boy.",English,United States,Won 2 Oscars. 7 wins total,https://m.media-amazon.com/images/M/MV5BMTU4Mzk3ODIyOF5BMl5BanBnXkFtZTgwODgyNzk2NjE@._V1_SX300.jpg,"[{'Source': 'Internet Movie Database', 'Value': '7.5/10'}, {'Source': 'Rotten Tomatoes', 'Value': '100%'}, {'Source': 'Metacritic', 'Value': '99/100'}]",99.0,7.5,"157,311",tt0032910,movie,10 Jan 2017,"$84,254,167",,,True,,Animation
